{"cameraMode":{"drawMode":0,"name":"Shaded","section":"Shading Mode"},"sceneLighting":true,"audioPlay":false,"sceneViewState":{"m_AlwaysRefresh":false,"showFog":true,"showSkybox":true,"showFlares":true,"showImageEffects":true,"showParticleSystems":true,"showVisualEffectGraphs":true,"m_FxEnabled":true},"in2DMode":false,"pivot":{"x":-1.1310782432556153,"y":1.9442753791809083,"z":0.016431570053100587},"rotation":{"x":0.00007472102879546583,"y":0.999600887298584,"z":0.0026895669288933279,"w":-0.028196249157190324},"size":5.3973612785339359,"orthographic":false}